{
    "PlayerSpeed": 10.943662643432618,
    "MouseSensibility": 172.3369140625,
    "JumpHeight": 1.8078196048736573,
    "BestResult": 20,
    "PlayerPosition": {
        "x": -12.627360343933106,
        "y": 1.6299998760223389,
        "z": -14.205894470214844
    },
    "PlayerRotation": {
        "x": 0.0,
        "y": -0.8876009583473206,
        "z": 0.0,
        "w": -0.46061331033706667
    }
}