{"cameraMode":{"drawMode":0,"name":"Shaded","section":"Shading Mode"},"sceneLighting":false,"audioPlay":false,"sceneViewState":{"showFog":true,"showMaterialUpdate":false,"showSkybox":false,"showFlares":true,"showImageEffects":true,"showParticleSystems":true},"in2DMode":false,"pivot":{"x":0.2997879385948181,"y":-0.39759355783462527,"z":-0.6534215211868286},"rotation":{"x":0.03575321286916733,"y":0.8720027804374695,"z":-0.06449765712022782,"w":0.4839601218700409},"size":2.197376012802124,"orthographic":false}