{"cameraMode":{"drawMode":0,"name":"Shaded","section":"Shading Mode"},"sceneLighting":false,"audioPlay":false,"sceneViewState":{"showFog":true,"showMaterialUpdate":false,"showSkybox":false,"showFlares":true,"showImageEffects":true,"showParticleSystems":true},"in2DMode":false,"pivot":{"x":-20.927576065063478,"y":1.2904999256134034,"z":-20.149999618530275},"rotation":{"x":-0.12843731045722962,"y":-0.2680724561214447,"z":0.03608664125204086,"w":-0.954116940498352},"size":1.62270987033844,"orthographic":false}