{"cameraMode":{"drawMode":0,"name":"Shaded","section":"Shading Mode"},"sceneLighting":false,"audioPlay":false,"sceneViewState":{"showFog":true,"showMaterialUpdate":false,"showSkybox":false,"showFlares":true,"showImageEffects":true,"showParticleSystems":true},"in2DMode":false,"pivot":{"x":-0.3309427499771118,"y":0.007799997925758362,"z":-0.7759947180747986},"rotation":{"x":0.023281462490558625,"y":0.681530237197876,"z":-0.02166912518441677,"w":0.7311166524887085},"size":0.45177415013313296,"orthographic":false}