{"cameraMode":{"drawMode":0,"name":"Shaded","section":"Shading Mode"},"sceneLighting":true,"audioPlay":false,"sceneViewState":{"showFog":true,"showMaterialUpdate":false,"showSkybox":true,"showFlares":true,"showImageEffects":true,"showParticleSystems":true},"in2DMode":false,"pivot":{"x":-12.355705261230469,"y":1.5931973457336426,"z":-8.049151420593262},"rotation":{"x":0.15338167548179627,"y":-0.0799478143453598,"z":0.012451132759451867,"w":0.9848498702049255},"size":0.9941813945770264,"orthographic":false}